Name,Precision,Recall,FScore,FeaturesWithoutRetrieved,InexistentFeaturesRetrieved
not_LOGGING,0,0.0,0,NothingRetrieved
DEPLOYMENTDIAGRAM_and_LOGGING,0,0.0,0,NothingRetrieved
SEQUENCEDIAGRAM_and_STATEDIAGRAM,0,0.0,0,NothingRetrieved
SEQUENCEDIAGRAM,1.0,0.03225806451612903,0.0625,SomethingRetrieved
COGNITIVE_and_SEQUENCEDIAGRAM,0,0.0,0,NothingRetrieved
COLLABORATIONDIAGRAM_and_SEQUENCEDIAGRAM,0,0.0,0,NothingRetrieved
COLLABORATIONDIAGRAM,1.0,0.046875,0.08955223880597014,SomethingRetrieved
LOGGING_and_USECASEDIAGRAM,0,0.0,0,NothingRetrieved
DEPLOYMENTDIAGRAM,0,0.0,0,NothingRetrieved
COLLABORATIONDIAGRAM_and_LOGGING_and_SEQUENCEDIAGRAM,0,0.0,0,NothingRetrieved
ACTIVITYDIAGRAM,0.5,0.008849557522123894,0.017391304347826087,SomethingRetrieved
STATEDIAGRAM,1.0,0.00819672131147541,0.016260162601626018,SomethingRetrieved
COGNITIVE_and_DEPLOYMENTDIAGRAM,0,0.0,0,NothingRetrieved
USECASEDIAGRAM,1.0,0.10606060606060606,0.19178082191780824,SomethingRetrieved
COGNITIVE_and_LOGGING,0,0.0,0,NothingRetrieved
ACTIVITYDIAGRAM_and_STATEDIAGRAM,0,0.0,0,NothingRetrieved
COLLABORATIONDIAGRAM_and_LOGGING,0,0.0,0,NothingRetrieved
LOGGING,0,0.0,0,NothingRetrieved
not_COGNITIVE,0,0.0,0,NothingRetrieved
LOGGING_and_SEQUENCEDIAGRAM,0,0.0,0,NothingRetrieved
LOGGING_and_STATEDIAGRAM,0,0.0,0,NothingRetrieved
DEPLOYMENTDIAGRAM_and_USECASEDIAGRAM,0,0.0,0,NothingRetrieved
COGNITIVE,0.9310344827586207,0.1806020066889632,0.3025210084033613,SomethingRetrieved
ACTIVITYDIAGRAM_and_LOGGING,0,0.0,0,NothingRetrieved
Average,0.22629310344827588,0.015951748170804067,0.028333564003191324,18.0,0,